{"0": {"time_start": 0.66, "time_end": 2.46, "duration": 1.7999999999999998, "text": "hi this is Mark"}, "1": {"time_start": 2.46, "time_end": 10.707, "duration": 8.247, "text": "this is English conversation practice"}, "2": {"time_start": 10.707, "time_end": 13.101, "duration": 2.394, "text": "what is she like"}, "3": {"time_start": 13.101, "time_end": 14.142, "duration": 1.0409999999999986, "text": "what"}, "4": {"time_start": 14.142, "time_end": 19.906, "duration": 5.763999999999999, "text": "is she like"}, "5": {"time_start": 19.906, "time_end": 27.033, "duration": 7.1270000000000024, "text": "she is friendly"}, "6": {"time_start": 27.033, "time_end": 34.967, "duration": 7.9339999999999975, "text": "he is Pleasant"}, "7": {"time_start": 34.967, "time_end": 41.834, "duration": 6.867000000000004, "text": "she is lovely"}, "8": {"time_start": 41.834, "time_end": 49.109, "duration": 7.274999999999999, "text": "she is adorable"}, "9": {"time_start": 49.109, "time_end": 56.736, "duration": 7.626999999999995, "text": "she is cute"}, "10": {"time_start": 56.736, "time_end": 64.027, "duration": 7.291000000000004, "text": "she is sweet"}, "11": {"time_start": 64.027, "time_end": 65.168, "duration": 1.1410000000000053, "text": "he is"}, "12": {"time_start": 65.168, "time_end": 71.129, "duration": 5.9609999999999985, "text": "attractive"}, "13": {"time_start": 71.129, "time_end": 77.733, "duration": 6.603999999999999, "text": "she is Charming"}, "14": {"time_start": 77.733, "time_end": 96.752, "duration": 19.01899999999999, "text": "okay great now it's your turn"}, "15": {"time_start": 96.752, "time_end": 97.909, "duration": 1.1570000000000107, "text": "he is"}, "16": {"time_start": 97.909, "time_end": 115.074, "duration": 17.164999999999992, "text": "Wendy"}, "17": {"time_start": 115.074, "time_end": 132.46, "duration": 17.38600000000001, "text": "he is Pleasant"}, "18": {"time_start": 132.46, "time_end": 133.299, "duration": 0.8389999999999986, "text": "is"}, "19": {"time_start": 133.299, "time_end": 150.129, "duration": 16.829999999999984, "text": "lovely"}, "20": {"time_start": 150.129, "time_end": 150.994, "duration": 0.8650000000000091, "text": "he is"}, "21": {"time_start": 150.994, "time_end": 168.171, "duration": 17.176999999999992, "text": "adorable"}, "22": {"time_start": 168.171, "time_end": 169.18, "duration": 1.0090000000000146, "text": "he is"}, "23": {"time_start": 169.18, "time_end": 185.782, "duration": 16.602000000000004, "text": null}, "24": {"time_start": 185.782, "time_end": 203.632, "duration": 17.849999999999994, "text": "sweet"}, "25": {"time_start": 203.632, "time_end": 204.71, "duration": 1.078000000000003, "text": "is"}, "26": {"time_start": 204.71, "time_end": 221.246, "duration": 16.536, "text": "active"}, "27": {"time_start": 221.246, "time_end": 222.343, "duration": 1.09699999999998, "text": "he is"}, "28": {"time_start": 222.343, "time_end": 230.71, "duration": 8.367000000000019, "text": "Charming"}, "29": {"time_start": 230.71, "time_end": 235.644, "duration": 4.9339999999999975, "text": "okay great job I'll see you next time take it easy by"}}